Workbook

Sheet Tasks
A1: SpecAlive - Implementation Task Plan
A2: Legend: fill the yellow Owner column (dropdown: Arthesh / Parth / Yasmeen / All), e.g. Owner = Parth. Status and Target Day are editable. M = must-have for Floor/Solid tier on L1, S = stretch. Phase / Spec Doc: the phase in docs/implementation_plan.md and its specification in docs/specifications/ (one phase = one spec = one pull request). Hours are rough single-person estimates (source: planning discussion).
A4: ID | B4: Workstream | C4: Phase | D4: Spec Doc | E4: Task | F4: Deliverable / Done when | G4: Est. Hrs | H4: Priority | I4: Depends On | J4: Owner | K4: Target Day | L4: Status | M4: Notes
A5: T0.1 | B5: 0 - Setup | C5: Phase 1 | D5: FR-01-foundation.md | E5: Repo skeleton: Python package, pyproject, CLI entry 'specalive run <bundle_dir> -o out/', DECISIONS.md, AI-LOG.md | F5: 'specalive --help' runs; first DECISIONS entry committed | G5: 1 | H5: M | I5: - | K5: Day 1 | L5: Not started
A6: T0.2 | B6: 0 - Setup | C6: Phase 1 | D6: FR-01-foundation.md | E6: Install OpenModelica toolchain (omc) + MSL 4.x | F6: omc compiles and simulates MSL ControlledTanks example from a script | G6: 1.5 | H6: M | I6: - | K6: Day 1 | L6: Not started
A7: T0.3 | B7: 0 - Setup | C7: Phase 1 | D7: FR-01-foundation.md | E7: SysML v2 validator spike: OMG Pilot Implementation (Jupyter kernel) vs one alternative | F7: Hand-written .sysml with parts, ports, connections and a state machine parses from command line; choice logged in DECISIONS | G7: 2 | H7: M | I7: - | K7: Day 1 | L7: Not started
A8: T0.4 | B8: 0 - Setup | C8: Phase 1 | D8: FR-01-foundation.md | E8: OpenAI wrapper: structured outputs from Pydantic schemas, temperature 0, disk cache of responses | F8: Same prompt returns identical cached result; token/cost log | G8: 1 | H8: M | I8: T0.1 | K8: Day 1 | L8: Not started
A9: T1.1 | B9: 1 - Shared foundation | C9: Phase 2 | D9: FR-02-ir-and-catalogue.md | E9: IR schema (Pydantic): Part, Port (direction, domain), Connection, Parameter (value, unit, status, authority), StateMachine (states, transitions, parallel regions), Requirement, Assumption, Question, Conflict, TraceLink, confidence | F9: Schema frozen, JSON Schema exported; the one contract between workstreams. All three sign off | G9: 2 | H9: M | I9: T0.1 | K9: Day 1 | L9: Not started
A10: T1.2 | B10: 1 - Shared foundation | C10: Phase 2 | D10: FR-02-ir-and-catalogue.md | E10: Golden IR for L1 Tank, hand-written from the test-case docs | F10: Validates against schema; fixture for generators and reference for coverage scoring | G10: 1.5 | H10: M | I10: T1.1 | K10: Day 1 | L10: Not started
A11: T1.3 | B11: 1 - Shared foundation | C11: Phase 10 | D11: FR-10-l2-feedback-extension.md | E11: Golden IR for L2 Room CO2 | F11: Validates against schema | G11: 1.5 | H11: S | I11: T1.1 | K11: Day 2 | L11: Not started
A12: T1.4 | B12: 1 - Shared foundation | C12: Phase 2 | D12: FR-02-ir-and-catalogue.md | E12: Component catalogue: IR part kind -> MSL class + SysML part def + port mapping (tank->OpenTank, valve->ValveDiscrete, room->ClosedVolume, flux tube->FluxTubes.*) | F12: YAML/JSON catalogue; LLM may only pick from it (domain-knowledge injection, prevents invented components) | G12: 2 | H12: M | I12: T1.1, T0.2 | K12: Day 1 | L12: Not started
A13: A1 | B13: A - Ingestion & extraction | C13: Phase 3 | D13: FR-03-evidence-ingestion.md | E13: File readers -> EvidenceChunk{source, locator, text}: pdf, docx, xlsx (all sheets), eml, md/txt, .mo, .puml, json, csv (header+stats), png (vision or flagged) | F13: All 4 test bundles load without crash; unreadable files reported, never silently dropped | G13: 3 | H13: M | I13: T0.1 | K13: Day 1-2 | L13: Not started
A14: A2 | B14: A - Ingestion & extraction | C14: Phase 3 | D14: FR-03-evidence-ingestion.md | E14: Source classification: type, revision, date, reliability (use Source_Index sheet if present, else heuristics/LLM) | F14: Every chunk carries reliability and authority rank | G14: 1.5 | H14: M | I14: A1 | K14: Day 2 | L14: Not started
A15: A3 | B15: A - Ingestion & extraction | C15: Phase 4 | D15: FR-04-extraction-and-resolution.md | E15: LLM extraction: chunks -> IR fragments (parts, params, connections, requirements, states) with supporting quote | F15: Fragments validate against schema; every fragment has a TraceLink | G15: 3 | H15: M | I15: A2, T1.1, T0.4 | K15: Day 2 | L15: Not started
A16: A4 | B16: A - Ingestion & extraction | C16: Phase 4 | D16: FR-04-extraction-and-resolution.md | E16: Merge & entity resolution: alias unification (tank1 = TK-101 = T1), de-duplication | F16: One node per real component on L1 | G16: 2 | H16: M | I16: A3 | K16: Day 2 | L16: Not started
... A38: P5 | B38: P - Process | C38: Not a phase | D38: FR-11-nonfunctional-and-submission.md | E38: Deck of at most 8 slides + demo rehearsal on unseen spec | F38: Deck done; demo runs within slot | G38: 2 | H38: M | I38: C6 | K38: Day 3 | L38: Not started
F39: Total estimated hours | G39: =SUM(G5:G38)

Sheet Summary
A1: Workload Summary (updates from the Tasks sheet)
A3: Owner | B3: Tasks | C3: Total Hrs | D3: Must-have Hrs | E3: Stretch Hrs | F3: Done Tasks
A4: Arthesh | B4: =COUNTIFS(Tasks!$J$5:$J$38,A4) | C4: =SUMIFS(Tasks!$G$5:$G$38,Tasks!$J$5:$J$38,A4) | D4: =SUMIFS(Tasks!$G$5:$G$38,Tasks!$J$5:$J$38,A4,Tasks!$H$5:$H$38,"M") | E4: =SUMIFS(Tasks!$G$5:$G$38,Tasks!$J$5:$J$38,A4,Tasks!$H$5:$H$38,"S") | F4: =COUNTIFS(Tasks!$J$5:$J$38,A4,Tasks!$L$5:$L$38,"Done")
A5: Parth | B5: =COUNTIFS(Tasks!$J$5:$J$38,A5) | C5: =SUMIFS(Tasks!$G$5:$G$38,Tasks!$J$5:$J$38,A5) | D5: =SUMIFS(Tasks!$G$5:$G$38,Tasks!$J$5:$J$38,A5,Tasks!$H$5:$H$38,"M") | E5: =SUMIFS(Tasks!$G$5:$G$38,Tasks!$J$5:$J$38,A5,Tasks!$H$5:$H$38,"S") | F5: =COUNTIFS(Tasks!$J$5:$J$38,A5,Tasks!$L$5:$L$38,"Done")
A6: Yasmeen | B6: =COUNTIFS(Tasks!$J$5:$J$38,A6) | C6: =SUMIFS(Tasks!$G$5:$G$38,Tasks!$J$5:$J$38,A6) | D6: =SUMIFS(Tasks!$G$5:$G$38,Tasks!$J$5:$J$38,A6,Tasks!$H$5:$H$38,"M") | E6: =SUMIFS(Tasks!$G$5:$G$38,Tasks!$J$5:$J$38,A6,Tasks!$H$5:$H$38,"S") | F6: =COUNTIFS(Tasks!$J$5:$J$38,A6,Tasks!$L$5:$L$38,"Done")
A7: All | B7: =COUNTIFS(Tasks!$J$5:$J$38,A7) | C7: =SUMIFS(Tasks!$G$5:$G$38,Tasks!$J$5:$J$38,A7) | D7: =SUMIFS(Tasks!$G$5:$G$38,Tasks!$J$5:$J$38,A7,Tasks!$H$5:$H$38,"M") | E7: =SUMIFS(Tasks!$G$5:$G$38,Tasks!$J$5:$J$38,A7,Tasks!$H$5:$H$38,"S") | F7: =COUNTIFS(Tasks!$J$5:$J$38,A7,Tasks!$L$5:$L$38,"Done")
A8: Unassigned | B8: =COUNTBLANK(Tasks!$J$5:$J$38) | C8: =SUM(Tasks!$G$5:$G$38)-SUM(C4:C7) | D8: =SUMIFS(Tasks!$G$5:$G$38,Tasks!$H$5:$H$38,"M")-SUM(D4:D7) | E8: =SUMIFS(Tasks!$G$5:$G$38,Tasks!$H$5:$H$38,"S")-SUM(E4:E7) | F8: =COUNTIFS(Tasks!$L$5:$L$38,"Done")-SUM(F4:F7)
A9: Total | B9: =SUM(B4:B8) | C9: =SUM(C4:C8) | D9: =SUM(D4:D8) | E9: =SUM(E4:E8) | F9: =SUM(F4:F8)
A11: Phase | B11: Tasks | C11: Total Hrs | D11: Must-have Hrs | E11: Stretch Hrs | F11: Done Tasks | G11: Spec Doc
A12: Phase 1 | B12: =COUNTIFS(Tasks!$C$5:$C$38,A12) | C12: =SUMIFS(Tasks!$G$5:$G$38,Tasks!$C$5:$C$38,A12) | D12: =SUMIFS(Tasks!$G$5:$G$38,Tasks!$C$5:$C$38,A12,Tasks!$H$5:$H$38,"M") | E12: =SUMIFS(Tasks!$G$5:$G$38,Tasks!$C$5:$C$38,A12,Tasks!$H$5:$H$38,"S") | F12: =COUNTIFS(Tasks!$C$5:$C$38,A12,Tasks!$L$5:$L$38,"Done") | G12: FR-01-foundation.md
A13: Phase 2 | B13: =COUNTIFS(Tasks!$C$5:$C$38,A13) | C13: =SUMIFS(Tasks!$G$5:$G$38,Tasks!$C$5:$C$38,A13) | D13: =SUMIFS(Tasks!$G$5:$G$38,Tasks!$C$5:$C$38,A13,Tasks!$H$5:$H$38,"M") | E13: =SUMIFS(Tasks!$G$5:$G$38,Tasks!$C$5:$C$38,A13,Tasks!$H$5:$H$38,"S") | F13: =COUNTIFS(Tasks!$C$5:$C$38,A13,Tasks!$L$5:$L$38,"Done") | G13: FR-02-ir-and-catalogue.md
A14: Phase 3 | B14: =COUNTIFS(Tasks!$C$5:$C$38,A14) | C14: =SUMIFS(Tasks!$G$5:$G$38,Tasks!$C$5:$C$38,A14) | D14: =SUMIFS(Tasks!$G$5:$G$38,Tasks!$C$5:$C$38,A14,Tasks!$H$5:$H$38,"M") | E14: =SUMIFS(Tasks!$G$5:$G$38,Tasks!$C$5:$C$38,A14,Tasks!$H$5:$H$38,"S") | F14: =COUNTIFS(Tasks!$C$5:$C$38,A14,Tasks!$L$5:$L$38,"Done") | G14: FR-03-evidence-ingestion.md
A15: Phase 4 | B15: =COUNTIFS(Tasks!$C$5:$C$38,A15) | C15: =SUMIFS(Tasks!$G$5:$G$38,Tasks!$C$5:$C$38,A15) | D15: =SUMIFS(Tasks!$G$5:$G$38,Tasks!$C$5:$C$38,A15,Tasks!$H$5:$H$38,"M") | E15: =SUMIFS(Tasks!$G$5:$G$38,Tasks!$C$5:$C$38,A15,Tasks!$H$5:$H$38,"S") | F15: =COUNTIFS(Tasks!$C$5:$C$38,A15,Tasks!$L$5:$L$38,"Done") | G15: FR-04-extraction-and-resolution.md
A16: Phase 5 | B16: =COUNTIFS(Tasks!$C$5:$C$38,A16) | C16: =SUMIFS(Tasks!$G$5:$G$38,Tasks!$C$5:$C$38,A16) | D16: =SUMIFS(Tasks!$G$5:$G$38,Tasks!$C$5:$C$38,A16,Tasks!$H$5:$H$38,"M") | E16: =SUMIFS(Tasks!$G$5:$G$38,Tasks!$C$5:$C$38,A16,Tasks!$H$5:$H$38,"S") | F16: =COUNTIFS(Tasks!$C$5:$C$38,A16,Tasks!$L$5:$L$38,"Done") | G16: FR-05-sysml-generation.md
A17: Phase 6 | B17: =COUNTIFS(Tasks!$C$5:$C$38,A17) | C17: =SUMIFS(Tasks!$G$5:$G$38,Tasks!$C$5:$C$38,A17) | D17: =SUMIFS(Tasks!$G$5:$G$38,Tasks!$C$5:$C$38,A17,Tasks!$H$5:$H$38,"M") | E17: =SUMIFS(Tasks!$G$5:$G$38,Tasks!$C$5:$C$38,A17,Tasks!$H$5:$H$38,"S") | F17: =COUNTIFS(Tasks!$C$5:$C$38,A17,Tasks!$L$5:$L$38,"Done") | G17: FR-06-modelica-generation.md
A18: Phase 7 | B18: =COUNTIFS(Tasks!$C$5:$C$38,A18) | C18: =SUMIFS(Tasks!$G$5:$G$38,Tasks!$C$5:$C$38,A18) | D18: =SUMIFS(Tasks!$G$5:$G$38,Tasks!$C$5:$C$38,A18,Tasks!$H$5:$H$38,"M") | E18: =SUMIFS(Tasks!$G$5:$G$38,Tasks!$C$5:$C$38,A18,Tasks!$H$5:$H$38,"S") | F18: =COUNTIFS(Tasks!$C$5:$C$38,A18,Tasks!$L$5:$L$38,"Done") | G18: FR-07-simulation-and-verification.md
A19: Phase 8 | B19: =COUNTIFS(Tasks!$C$5:$C$38,A19) | C19: =SUMIFS(Tasks!$G$5:$G$38,Tasks!$C$5:$C$38,A19) | D19: =SUMIFS(Tasks!$G$5:$G$38,Tasks!$C$5:$C$38,A19,Tasks!$H$5:$H$38,"M") | E19: =SUMIFS(Tasks!$G$5:$G$38,Tasks!$C$5:$C$38,A19,Tasks!$H$5:$H$38,"S") | F19: =COUNTIFS(Tasks!$C$5:$C$38,A19,Tasks!$L$5:$L$38,"Done") | G19: FR-08-reports-and-traceability.md
A20: Phase 9 | B20: =COUNTIFS(Tasks!$C$5:$C$38,A20) | C20: =SUMIFS(Tasks!$G$5:$G$38,Tasks!$C$5:$C$38,A20) | D20: =SUMIFS(Tasks!$G$5:$G$38,Tasks!$C$5:$C$38,A20,Tasks!$H$5:$H$38,"M") | E20: =SUMIFS(Tasks!$G$5:$G$38,Tasks!$C$5:$C$38,A20,Tasks!$H$5:$H$38,"S") | F20: =COUNTIFS(Tasks!$C$5:$C$38,A20,Tasks!$L$5:$L$38,"Done") | G20: FR-09-cli-and-end-to-end.md
A21: Phase 10 | B21: =COUNTIFS(Tasks!$C$5:$C$38,A21) | C21: =SUMIFS(Tasks!$G$5:$G$38,Tasks!$C$5:$C$38,A21) | D21: =SUMIFS(Tasks!$G$5:$G$38,Tasks!$C$5:$C$38,A21,Tasks!$H$5:$H$38,"M") | E21: =SUMIFS(Tasks!$G$5:$G$38,Tasks!$C$5:$C$38,A21,Tasks!$H$5:$H$38,"S") | F21: =COUNTIFS(Tasks!$C$5:$C$38,A21,Tasks!$L$5:$L$38,"Done") | G21: FR-10-l2-feedback-extension.md
A22: Not a phase | B22: =COUNTIFS(Tasks!$C$5:$C$38,A22) | C22: =SUMIFS(Tasks!$G$5:$G$38,Tasks!$C$5:$C$38,A22) | D22: =SUMIFS(Tasks!$G$5:$G$38,Tasks!$C$5:$C$38,A22,Tasks!$H$5:$H$38,"M") | E22: =SUMIFS(Tasks!$G$5:$G$38,Tasks!$C$5:$C$38,A22,Tasks!$H$5:$H$38,"S") | F22: =COUNTIFS(Tasks!$C$5:$C$38,A22,Tasks!$L$5:$L$38,"Done") | G22: FR-11-nonfunctional-and-submission.md
A24: Workstream | B24: Tasks | C24: Total Hrs | D24: Must-have Hrs | E24: Stretch Hrs | F24: Done Tasks
A25: 0 - Setup | B25: =COUNTIFS(Tasks!$B$5:$B$38,A25) | C25: =SUMIFS(Tasks!$G$5:$G$38,Tasks!$B$5:$B$38,A25) | D25: =SUMIFS(Tasks!$G$5:$G$38,Tasks!$B$5:$B$38,A25,Tasks!$H$5:$H$38,"M") | E25: =SUMIFS(Tasks!$G$5:$G$38,Tasks!$B$5:$B$38,A25,Tasks!$H$5:$H$38,"S") | F25: =COUNTIFS(Tasks!$B$5:$B$38,A25,Tasks!$L$5:$L$38,"Done")
A26: 1 - Shared foundation | B26: =COUNTIFS(Tasks!$B$5:$B$38,A26) | C26: =SUMIFS(Tasks!$G$5:$G$38,Tasks!$B$5:$B$38,A26) | D26: =SUMIFS(Tasks!$G$5:$G$38,Tasks!$B$5:$B$38,A26,Tasks!$H$5:$H$38,"M") | E26: =SUMIFS(Tasks!$G$5:$G$38,Tasks!$B$5:$B$38,A26,Tasks!$H$5:$H$38,"S") | F26: =COUNTIFS(Tasks!$B$5:$B$38,A26,Tasks!$L$5:$L$38,"Done")
A27: A - Ingestion & extraction | B27: =COUNTIFS(Tasks!$B$5:$B$38,A27) | C27: =SUMIFS(Tasks!$G$5:$G$38,Tasks!$B$5:$B$38,A27) | D27: =SUMIFS(Tasks!$G$5:$G$38,Tasks!$B$5:$B$38,A27,Tasks!$H$5:$H$38,"M") | E27: =SUMIFS(Tasks!$G$5:$G$38,Tasks!$B$5:$B$38,A27,Tasks!$H$5:$H$38,"S") | F27: =COUNTIFS(Tasks!$B$5:$B$38,A27,Tasks!$L$5:$L$38,"Done")
A28: B - Generators & compile | B28: =COUNTIFS(Tasks!$B$5:$B$38,A28) | C28: =SUMIFS(Tasks!$G$5:$G$38,Tasks!$B$5:$B$38,A28) | D28: =SUMIFS(Tasks!$G$5:$G$38,Tasks!$B$5:$B$38,A28,Tasks!$H$5:$H$38,"M") | E28: =SUMIFS(Tasks!$G$5:$G$38,Tasks!$B$5:$B$38,A28,Tasks!$H$5:$H$38,"S") | F28: =COUNTIFS(Tasks!$B$5:$B$38,A28,Tasks!$L$5:$L$38,"Done")
A29: C - Verification & CLI | B29: =COUNTIFS(Tasks!$B$5:$B$38,A29) | C29: =SUMIFS(Tasks!$G$5:$G$38,Tasks!$B$5:$B$38,A29) | D29: =SUMIFS(Tasks!$G$5:$G$38,Tasks!$B$5:$B$38,A29,Tasks!$H$5:$H$38,"M") | E29: =SUMIFS(Tasks!$G$5:$G$38,Tasks!$B$5:$B$38,A29,Tasks!$H$5:$H$38,"S") | F29: =COUNTIFS(Tasks!$B$5:$B$38,A29,Tasks!$L$5:$L$38,"Done")
A30: P - Process | B30: =COUNTIFS(Tasks!$B$5:$B$38,A30) | C30: =SUMIFS(Tasks!$G$5:$G$38,Tasks!$B$5:$B$38,A30) | D30: =SUMIFS(Tasks!$G$5:$G$38,Tasks!$B$5:$B$38,A30,Tasks!$H$5:$H$38,"M") | E30: =SUMIFS(Tasks!$G$5:$G$38,Tasks!$B$5:$B$38,A30,Tasks!$H$5:$H$38,"S") | F30: =COUNTIFS(Tasks!$B$5:$B$38,A30,Tasks!$L$5:$L$38,"Done")
A32: Note: 'All' = shared tasks (e.g. T1.1 IR schema sign-off). 'Not a phase' = cross-cutting process work governed by FR-11. Hours come from the Est. Hrs column on the Tasks sheet.

Sheet Phases
A1: Phase -> Specification -> Tasks (one phase = one spec = one pull request)
A3: Phase | B3: Name | C3: Spec Doc | D3: Track | E3: Starts after | F3: Target Day | G3: Task IDs
A4: Phase 1 | B4: Foundation | C4: FR-01-foundation.md | D4: Setup | E4: - | F4: Day 1 | G4: T0.1, T0.2, T0.3, T0.4
A5: Phase 2 | B5: IR schema, catalogue, golden IR | C5: FR-02-ir-and-catalogue.md | D5: Shared | E5: Phase 1 | F5: Day 1 | G5: T1.1, T1.2, T1.4
A6: Phase 3 | B6: Evidence ingestion | C6: FR-03-evidence-ingestion.md | D6: A | E6: Phase 2 | F6: Day 1-2 | G6: A1, A2
A7: Phase 4 | B7: Extraction and resolution | C7: FR-04-extraction-and-resolution.md | D7: A | E7: Phase 3 | F7: Day 2 | G7: A3, A4, A5, A6, A7, A8
A8: Phase 5 | B8: SysML v2 generation | C8: FR-05-sysml-generation.md | D8: B | E8: Phase 2 | F8: Day 2 | G8: B1, B2
A9: Phase 6 | B9: Modelica generation and compile loop | C9: FR-06-modelica-generation.md | D9: B | E9: Phase 2 | F9: Day 2-3 | G9: B3, B4, B5
A10: Phase 7 | B10: Simulation and verification | C10: FR-07-simulation-and-verification.md | D10: C | E10: Phase 2 | F10: Day 1-2 | G10: C1, C2, C3
A11: Phase 8 | B11: Reports and traceability | C11: FR-08-reports-and-traceability.md | D11: C (+B6) | E11: Phases 5, 6, 7 | F11: Day 2-3 | G11: B6, C4
A12: Phase 9 | B12: CLI and end to end | C12: FR-09-cli-and-end-to-end.md | D12: C | E12: Phases 4, 6, 8 | F12: Day 3 | G12: C5, C6
A13: Phase 10 | B13: L2 feedback extension (stretch) | C13: FR-10-l2-feedback-extension.md | D13: Shared / B | E13: Phase 9 | F13: Day 3 | G13: T1.3, B7
A14: Not a phase | B14: Non-functional and submission (cross-cutting) | C14: FR-11-nonfunctional-and-submission.md | D14: Process | E14: applies to all | F14: Daily | G14: P1, P2, P3, P4, P5
A16: Tracks A, B and C run in parallel once Phase 2 lands; within a track the phases are sequential.
A17: Also in docs/specifications/: specindex.md (index) and FR-12-not-delivered.md (L3/L4, web UI, round-trip editing - no tasks).

Sheet Dependencies
A1: Critical path and scope notes
A3: T0.x -> T1.1 -> A1 -> A2 -> A3 -> A4 -> A5 -> A6 ----------------------+
A4: T1.1 -> T1.2/T1.4 -> B1 -> B2 ; B3 -> B4 -> B5 -> B6 ---------+--> C5 end-to-end -> C6 -> P5
A5: T0.2 -> C1 (on MSL example) -> C2 -> C3 -> C4 ------------------+
A7: Day 1: Phase 1 + Phase 2 (the IR schema is the contract - freeze it first).
A8: Day 2: Tracks A (Phases 3-4), B (Phases 5-6), C (Phases 7-8) in parallel against the golden IR, so nobody waits on extraction.
A9: Day 3: Phase 9 - integrate on L1, run C6 on unseen specs, prepare deck and demo. Phase 10 only if time allows.
A11: Biggest risks: T0.2 (omc + MSL) and T0.3 (SysML v2 validator) - tool friction sinks teams; settle on day 1.
A12: Cut rule: drop Phase 10 (T1.3, B7) and A7 before dropping C2 or C6. One case end to end, verified against acceptance criteria and robust to an unseen spec, beats breadth.
